{
    "average_reward": 0.010180364095653108,
    "purchase_rate": 0.94,
    "escalation_rate": 0.06,
    "value_function_coefficients": [
        0.003036852173778378,
        0.0010204342848382187,
        -0.004057286458616591,
        -0.004662082864512952,
        0.0030435089508446785,
        0.0055301655887922034,
        -0.003911591675123905,
        -0.010244183645319342
    ],
    "value_function_intercept": 0.016143273769545635
}