{
    "pretrained": {
        "BLEU": 0.0002384234144256813,
        "ROUGE": 0.002701020952010301
    },
    "sft": {
        "BLEU": 0.000441245057940114,
        "ROUGE": 0.0033488929106734898
    }
}