{
    "pretrained": {
        "BLEU": 0.00783517715034513,
        "ROUGE": 0.03851098021924681
    },
    "sft": {
        "BLEU": 0.008543747405576669,
        "ROUGE": 0.04142647005893405
    }
}