{
    "pretrained": {
        "BLEU": 0.00039690600177207385,
        "ROUGE": 0.008071264466321152
    },
    "sft": {
        "BLEU": 0.0003432891725313993,
        "ROUGE": 0.008082106656672474
    }
}