{
    "pretrained": {
        "BLEU": 0.008043222787839237,
        "ROUGE": 0.05470593459090229
    },
    "sft": {
        "BLEU": 0.007934632748032473,
        "ROUGE": 0.058802804162529566
    }
}